カード名,カードタイプ,能力,備考
カチコミ,イベント,■パワーを１つ破壊する。,
否認,イベント,▲他家がイベントをプレイしようとした時にプレイする。\n■そのイベントを打ち消す。,
目からビーム,イベント,▲他家がフルパワーではないカードをプレイしようとした時にプレイする。\n■自分の手札を１枚捨てる。\n■そのカードを打ち消す。,
ドララララララ！,イベント,■ゲーム外からランダムなドラ表示牌を4つ開いた状態で追加する。（それらの裏ドラも存在する）,
めくりめくらせ,イベント,■残りのドラ表示牌を好きなだけ開ける。\n■ドラ表示牌を好きなだけ閉じる。,
もう、やめにしよう,イベント,■1000点供託する。\n■この手番の捨牌までに和了も鳴きもなければ、その後強制的に流局させる。（ノーテン罰符、流し満貫アリ）,
エナジー･ライト,イベント,■カードを２枚引く。,
強欲なツモ,イベント,■手牌を１枚切る。それが鳴かれなければ、１枚ツモり、１枚切る。それも鳴かれなければ１枚ツモる。,
情報操作,イベント,▲全員の(鳴きを除く)手牌がそれぞれ３枚以上ならプレイできる。\n■全員、上家側に手牌を３枚渡す。,
ダイアキュート,イベント,■この手番中、自分はイベントを１枚多くプレイできる。\n■この手番中、次にプレイしたイベントをさらに２回使う。,
河拾い,イベント,■手牌を１枚切る。それが鳴かれなければ、全員の河の中から牌を１枚手牌に加える。,
縛り,イベント,■次の自分の手番まで、他家全員はこの手番の捨牌と異なる種類(萬子、筒子、索子、字牌の４種類)の牌を切るとき全員に2000点払う。,
スキップ,イベント,■この手番の捨牌が鳴かれなければ、次の人の手番は飛ばされる。,
刀狩り,イベント,■他家を一人選び、その手札を見る。その後、その人の持つ好きなカードを1枚選んで自分の手札に加える。,
東日本大震災,イベント,■パワーをすべて破壊する。,
とっかえっこ,イベント,■他家一人と自分の持ち点を入れ替える。,
氷河期,イベント,■次の自分の手番まで、他家全員はツモ切りする。加槓や暗槓もできない。,
優柔不断,イベント,▲他家がカードの処理を終えた後、普通に牌を切るまでの間に割り込んでプレイする。\n■代わりにランダムな牌を切らせる。,
身代わり,イベント,▲他家からカードの効果で選ばれた時にプレイする。\n■そのカードの使用者ではない他家を一人、自分が選びなおす。,
龍が如く,イベント,■1000点供託する。\n■パワーを３つ破壊する。,
買収,イベント,■他家のフルパワーではないパワーを１つ選ぶ。そのパワーの持ち主に2000点払ってもよい。そうしたら、それを自分のものにする。,
四季,イベント,■他家を一人選ぶ。その人の次のツモはゲーム外から春夏秋冬牌のうちランダムな一つをツモる。その手番の間、可能であれば春夏秋冬牌ではない牌を切る。,
ロンギヌスの槍,イベント,■フルパワーではないパワーを１つ破壊する。\n■手札を１枚捨ててもよい。そうしたら、このカードを手札に戻す。,
キャンセルだ,イベント,▲他家が副露した時にプレイする。\n■それをキャンセルする。,
うん、それ無理,イベント,▲立直していない他家が和了したときに使う。\n■相手は和了をキャンセルし、その牌を見逃す。（ツモならツモ切り）,
ぶっこ抜き,イベント,■山の最後から２つを手牌に加える。その後、取った枚数と同じ枚数の手牌を山の先頭に戻す。,
たらい回し,イベント,▲自分が点数を払う（供託も含む）ときに使う。\n■払い先ではない誰かに代わりに払わせてもよい。\n■残りの手札をすべて捨てる。,
強奪,イベント,■得点が5000点以上の他家一人を選ぶ。その人から5000点もらう。,
お先にどうぞ,イベント,▲自分の普通のツモの直前に使う。\n■自分の手番をスキップし、下家の手番を始める。\n■カードを３枚引く。,
キング・クリムゾン,イベント,■牌の種類（萬子、筒子、索子、字牌の４種類）を一つ宣言する。次の手番、ツモった牌を公開する。それが宣言した種類と同じならば全員から5000点もらう。,
その目の運命,イベント,■２つサイコロを振って、\n2･5･8の目が出たら上家から\n3･6･9の目が出たら対面から\n4･7･10の目が出たら下家から\n10000点貰える。\nただし、11･12を出したら自分が他家全員に2000点ずつ渡す。,
雷,イベント,■立直していない他家一人を選び、その人の手牌をランダムに３枚捨てさせる。（それは副露・ロンできない。）その後、その人は３枚ツモる。,
太閤検地,イベント,■他家全員は自身のパワー１つにつき2000点を供託する。,
盗掘人形 モールス,イベント,■このゲーム中にプレイされたフルパワーでも＋でもないカードをランダムに1枚手札に加える。,
神槍「スピア・ザ・グングニル」,イベント,■次に自分が普通にツモる時、聴牌していて、山にアガリ牌が残っていれば、山の順番を無視してそれをツモる。,
ちり紙交換車,イベント,■手札を好きな枚数捨てる。その後、こうして捨てた枚数と同じ数だけカードを引く。,
デモニック･バイス,イベント,■他家を一人選ぶ。その人は自身の手札を２枚選び捨てる。,
天和九蓮宝燈,イベント,▲オーラスなら使える。\n■この手番の間、自分はルールに次の役を追加する。\n§天和九蓮宝燈（Ｗ役満）:手牌の形を問わず常に成立。,
魔天降臨,イベント,▲全員のそれぞれの河に、その人の手牌の枚数以上の牌があるならプレイできる。\n■各プレイヤーは、自身の河にある牌を手牌と同じ枚数選び、選んだ牌と手牌をまるごと入れ替える。,
お先に失礼します,イベント,▲上家の手番の開始時にのみ使える。\n■上家の手番を飛ばし、自分の手番を始める。,
奇術「エターナルミーク」,イベント,■自分の手札を２枚捨てる。\n■立直していない他家一人の手牌を表向きにし、その中からドラをすべて捨てさせる。誰もその牌を鳴けず、ロンできない。その後、その人は捨てられた数だけツモる。,
注力「トリップワイヤー」,イベント,■この手番中、次に自分が普通に捨牌した時、立直していない他家一人を選ぶ。その人の手牌と自分の手牌をすべて交換する。（鳴いた牌を含む）,
吹氷「アイストルネード」,イベント,（三麻ならX=4、四麻ならX=6）\n▲山がX枚以上なければプレイできない。\n■X枚ツモり、各他家に自分の手牌を2枚渡す。渡された各他家はそれ以外の手牌を2枚選び、切る。誰もその牌を鳴けず、ロンできない。\n■自分の手札を２枚捨てる。,
棚から牡丹餅,イベント,■自分はゲーム外から5000点を獲得する。,
Time Walk,イベント,■この手番の間、普通の捨牌が鳴かれなければもう一度手番を行う。,
おおみそか,イベント,■サイコロを振る。６が出なければ他家１人の持ち点を１００点残してすべて供託させる。６が出たら自分の持ち点を１００点残してすべて供託する。,
二足の草鞋,イベント,▲山が14枚以上で手牌が１セットだけならプレイできる。\n■山の先頭から13枚取り、新しくもう１セットの手牌を作る。（ツモる時はツモ牌を確認してからどちらかの手牌に加え、捨牌は加えた方の手牌から行う。誰かが手牌を対象にカードの効果をプレイする時、どちらの手牌を対象にするかその使用者が決めてからその効果を実行する。）,
最果て,イベント,■最下位ではない他家一人と最下位のプレイヤー一人を選び、その２人の持ち点を入れ替える。,
憎悪と怒りの獄門,イベント,■自分よりも持ち点が多い他家全員は自分の点数との差額分の点数を供託する。,
稚内,イベント,■今の局を北四局（三麻なら北三局）にする。もちろんオーラス扱い。\n■カードを2枚引き、1枚捨てる。,
右往左往,イベント,▲上家または下家の手番開始時にプレイする。\n■これをプレイする時、対面は手札を５枚捨ててもよい。そうしたら、これを打ち消す。\n■全員の手番の順を逆転させる。\n■対面はカードを１枚引く。\n■これを手札に戻す。,
記憶力テスト,イベント,■以降３巡、他家全員は自身の手牌が？になる。\n■３巡後、他家全員の手牌をもとに戻す。,牌が？になるとその牌が何であるかを確認できない。（内部的には変化なし）
助長,イベント,■他家を一人選ぶ。その人は自分の手牌を１０枚切り、こうして切った枚数だけツモる。誰もその牌を鳴けず、ロンできない。,
オラの全てをこの拳にかける!!!!,イベント,■次の自分の普通にツモした手番中、以下の役を追加する。\n§大猿の拳（13翻）：ツモ和了でのみ成立\n■次の自分の普通にツモした手番の終わりに、持ち点全額を供託する。,
タイムカプセル,イベント,▲和了・流局等でこの局が終了する時にプレイする。ただし、手牌が８枚未満ならばプレイできない。\n■手牌を８枚選ぶ。次局はそれら８枚を自分の配牌に含めて開始される。,
ヘブンズ・ドアー,イベント,■他家を１人選ぶ。\n■自分の手札か、捨て場にある直近でプレイされた5枚の中からハプニングではないカードを１枚選んでその人に渡してもよい。\n■その人の手札を見る。その中からカードを１枚選んでその人にプレイさせてもよい。,
赤潮,イベント,■立直していない他家全員の手牌と、全員の河から中を全て自分の手牌に加える。その後、手牌の数に過不足があるプレイヤーは牌をツモったり切ったりする。誰もその牌を鳴けず、ロンできない。,
交渉,イベント,▲自分が他家に点数を支払う時にプレイする。\n■支払う点数を1/2にする。（100点未満切り捨て）,
流星剣,イベント,■この手番中、普通にかこれの効果で捨牌した時、鳴かれなければサイコロを振る。その出目が３以上ならば１枚ツモり、手牌を１枚切る。(これによってカードのプレイ権は復活しない),
すりかえかめん,イベント,▲自分の鳴いた牌と他家の鳴いた牌があればプレイ可能。\n■自分と他家1人の鳴いた牌を1面子ずつ選び、それらを交換する。,
勝負は今ここで決める,イベント,■自分の手札4枚を捨て、自分のパワーを5つ破壊してもよい。そうしたらこの手番の間、自分はルールに次の役を追加する。\n§やるんだな！？今！ここで！(役満):手牌の形を問わず常に成立。翻数は増減しない。,
Black Lotus,イベント,■この手番中、あと3回多くカードをプレイできる。,
トゲゾーこうら,イベント,■1位の他家1人の手牌をランダムに5枚捨てさせる。誰もその牌を鳴けず、ロンできない。その後、その人は捨てた枚数だけツモる。,
アオコ,イベント,■立直していない他家全員の手牌と、全員の河から發を全て自分の手牌に加える。その後、手牌の数に過不足があるプレイヤーは牌をツモったり切ったりする。誰もその牌を鳴けず、ロンできない。,
軍縮条約,イベント,■各プレイヤーは自身のパワーを１つ選び、破壊する。,
ツァーリボンバ,イベント,■他家のパワーをすべて破壊する。\n■これが打ち消された時、自分のパワーをすべて破壊する。,
天道万象,イベント,■自分のパワーを3つ以上破壊してもよい。こうして破壊した数だけ、他家のフルパワーではないパワーを選び、それらを自分のものとしてプレイし直す。,
銀世界,イベント,■立直していない他家全員の手牌と、全員の河から白を全て自分の手牌に加える。その後、手牌の数に過不足があるプレイヤーは牌をツモったり切ったりする。誰もその牌を鳴けず、ロンできない。,
四季折々,イベント,▲局の終わりにプレイする。\n■次局は春夏秋冬牌4枚が混ぜ込まれる。,一局戦では出現しない
点棒さらい,イベント,■他家を1人選び、サイコロを振る。1なら一万点棒1本、2なら五千点棒1本、3･4なら千点棒1本、5･6なら百点棒を1本、その人から奪う。,
エレベーター,イベント,■上家か下家の手牌を見る。その中から牌を1枚選び、自分の手牌1枚と入れ替える。,
戦略的撤退,イベント,■1面子が3枚で構成されている自分の鳴いた牌を、すべて自分の手牌に戻す。,
きたぜぬるりと…,イベント,■自分が単独最下位で聴牌しているなら手牌を１枚切る。それが鳴かれなければ、山から順番を無視して和了り牌を１枚ツモる。無かったり、和了らなかったりしたなら、そのまま流局させる。(条件を満たしていなくてもこれを効果のないカードとしてプレイ可能),
デススタッブ,イベント,■他家１人を選び、サイコロを１つ振る。その人から 出目×1000点奪う。こうして6が出た時、その人は次の自身の手番の終わりまでカードをプレイできない。,
脅迫,イベント,■立直していない他家１人を選ぶ。その人は自身の手牌から1面子を切り、切ったなら3枚ツモる。誰もその牌を鳴けず、ロンできない。それができなければ一時的に手牌を表向きにする。,
徳政令,イベント,■持ち点が配給原点を下回るプレイヤー全員は、持ち点が配給原点と等しくなるようにゲーム外から補充する。,
取り消せよ……!!!今の言葉……!!!,イベント,▲立直していない他家が副露または和了しようとした時にプレイする。\n■自分の手札を１枚捨てる。\n■それをキャンセルし、その牌を見逃す。（ツモならツモ切り）,
テレポーテーション,イベント,■パワーを２つ、所有者の手札に戻す。,
3つの願い,イベント,■次のうち１つを選ぶ。\n①自分の場に《星５秘書》を置く。\n②自分の場に《星５スーパーカー》を置く。\n③自分の場に《１００億資産》を置く。,
じゃんけん小僧,イベント,▲他家がフルパワーではないカードをプレイしようとした時にプレイする。\n■その他家と5番勝負のじゃんけんをする。こうして自分が勝ったらかわりにそのカードを自分がプレイする。負けたら、自分の手札を1枚捨てる。,
「タイガーブレイク」,イベント,■残りの手札をすべて捨てる。\n■立直していない他家一人の手牌をランダムに3枚選び切らせる。その人は手牌の数が正しくなるまで普通に牌を切れず、和了れない。,
雷,イベント,■立直していない他家一人を選び、その人の手牌を３枚ランダムに選び捨てさせる。（それは副露・ロンできない。）その後、その人は手牌の枚数が正しくなるようにツモる。,
歪曲,イベント,▲他家がフルパワーではないカードをプレイしようとした時にプレイする。\n■そのカードを打ち消す。その後、その人は代わりにランダムなカード１枚をプレイする。,
モンティホール問題,イベント,■他家1人にモンティホール問題を仕掛ける。（モンティホール問題：《ヤギ》２枚と《星５スーパーカー》１枚裏返しの状態で選ぶ。その後選ばれていない《ヤギ》１枚を表向きにされ、再度裏返しの２枚から選ぶ。こうして最後に選んでいたカードを表向きにしてその人にプレイさせる。）,
裸一貫,イベント,■全員、持ち点をすべて供託する。,
天下布武,イベント,■他家を1人選ぶ。サイコロを振ってその出目と同じ枚数のカードをその人の手札からランダムに選び、捨てさせる。,
おすそ分け,イベント,■他家を1人選び、自分の河にある牌を全てその他家の河に置く。,
ねむる,イベント,■ゲーム外から20000点を自分の持ち点に加える。\n■次の自分の手番はスキップされ、次に普通にツモるまで自分は鳴くこともカードをプレイすることもできない。,
アンコール,イベント,▲他家がイベントをプレイした時にプレイする。\n■そのイベントをプレイした他家の手札に戻す。その他家は次の手番も可能ならそのイベントをプレイする。,
フェイタルクロー,イベント,■他家1人を選ぶ。その人から2000点奪う。ランダムなハプニングを１枚公開し、その人の手札に加える。,
色即是空,イベント,▲他家がフルパワーではないカードをプレイしようとした時にプレイする。\n■自分の手札を１枚捨てる。\n■そのカードを打ち消す。\n■これは打ち消されない。\n■この手番の間、誰も鳴けず、ロンできない。,
消しゴムマジック,イベント,▲他家がパワーをプレイしようとした時にプレイする。\n■そのパワーを打ち消す。,
肉体言語,イベント,■手札を好きな枚数捨てる。こうして捨てた数と同じ数のパワーを破壊する。,
Huh?,イベント,▲自分の持ち点が配給原点を下回っていればプレイできる。\n▲他家がフルパワーではないカードをプレイしようとした時にプレイする。\n■そのカードを打ち消す。そのカードをプレイした他家の場に空きがあれば《ヤギ》を置く。,
プレゼント！,イベント,■他家に見せずにプレイする。\n■他家一人に「プレゼントいる?」と聞く。「いる」と言った場合、その人は中に入っていた蛇によって自身の手札をすべて捨てさせられる。逆に「いらない」と言った場合、残された蛇によって自分の手札をすべて捨てさせられる。,
プレゼント！,イベント,■他家に見せずにプレイする。\n■他家一人に「プレゼントいる?」と聞く。「いる」と言った場合、その人は中に入っていたツァーリ・ボンバによって自身のパワーをすべて破壊する。逆に「いらない」と言った場合、残されたツァーリ・ボンバによって自分のパワーをすべて破壊する。,
プレゼント！,イベント,■他家に見せずにプレイする。\n■他家一人に「プレゼントいる?」と聞く。「いる」と言った場合、中に正倉院があったのでその人は《星５秘書》、《星５スーパーカー》、《１００億資産》のどれか1つをその人の場に置く。逆に「いらない」と言った場合、残された正倉院から《星５秘書》、《星５スーパーカー》、《１００億資産》のどれか1つを自分の場に置く。,
プレゼント！,イベント,■他家に見せずにプレイする。\n■他家一人に「プレゼントいる?」と聞く。「いる」と言った場合、その人は中に入っていたロマノグリラによって直近でプレイされた5枚のうち、プレイ可能なカード１枚をプレイする。逆に「いらない」と言った場合、残されたロマノグリラによって自分は直近でプレイされた5枚のうち、プレイ可能なカード１枚をプレイする。,
一点読み,イベント,■自分の手牌を1枚残して全て河に置く。この局の間、自分はツモ切りしかできず、フリテンを無効とする。\n■この局の間、自分は以下の役を追加する。\n§超裸単騎(13翻):裸単騎の状態で成立。,
雹,イベント,■立直していない他家一人を選び、その人の手牌を1枚見て選び捨てさせる。（それは副露・ロンできない。）その後、その人は手牌の枚数が正しくなるようにツモる。,
タイムアタック,イベント,■5秒間何度でも牌を1枚ツモって1枚切ってもよい。この間に切った牌は鳴かれない。(ロンはされる),他家がロン可能なのは使ったプレイヤーがアタリ牌を捨ててから、次に牌を捨てるまでの間だけ（確認のために進行をストップしない）
手札抹殺,イベント,■全員手札を全て捨て、同じ枚数のカードを引く。,
便乗,イベント,▲他家がイベントをプレイしようとした時に使う。\n■そのイベントを自分もプレイする。,
ナウ･オア･ネバー,イベント,■手札からパワーを1枚プレイしてもよい。その後、そのパワーを手札に戻す。,
深淵の逆転撃,イベント,●逆転撃1（他家が和了した時にもこれをプレイしてもよい。そうしたら次局は手札が1枚少ない状態で始まる。）\n■他家1人は一巡の間、和了点が-∞される。ただし、0未満にはならない。,
情熱の逆転撃,イベント,●逆転撃3（他家が和了した時にもこれをプレイしてもよい。そうしたら次局は手札が3枚少ない状態で始まる。）\n■自分の河の最後の牌を手牌に加え、1枚切る。それが5以下の索子なら横向きにし、供託なしで立直状態になる。鳴いていても成立し、１巡以内なら一発もつく。W立直にはならない。（ロンは対象の捨牌が消えた場合キャンセルされる。）,
嘱託殺人,イベント,■他家1人にパワーを3つ選ばせる。それらを破壊する。,
アクア･ギャクテンポインター,イベント,■各プレイヤーのパワーを最大１つずつ選び、破壊する。このようにして自身のパワーが選ばれたプレイヤーは、ランダムなパワーをプレイする。,今手番中のプレイヤーから手番順にプレイする。プレイ可能でないパワーは出ない。
ウォズレックの審問,イベント,■立直していない他家一人の手牌を見る。その中から3以下の数牌を１枚選び、切らせる。これを誰かがロンしてもよい。ただし鳴けない。その後、その人は切った枚数ツモる。,
転生プログラム,イベント,■パワー１つを破壊する。その後、その元保有者はランダムなパワーをプレイする。,今手番中のプレイヤーから手番順にプレイする。プレイ可能でないパワーは出ない。
サイバー･N･ワールド,イベント,■パワーをすべて破壊し、全員手札をすべて捨てる。その後、全員はカードを３枚引く。,
悪臭怪人ゴキーン,イベント,■全員の河から牌を３枚まで選び、それらを山の先頭か最後尾に戻す。,
はい！！俺の勝ち,イベント,■次の自分のツモが、和了り牌でその手番の間に和了すれば＋13翻される。,
ゾーリンゲン轟盲牌,イベント,■これをプレイした時、カードを１枚引き自分の手牌を３枚まで白に変化させる。,
回線落ち,イベント,■他家一人を選ぶ。その人の次のツモ番はCPUがプレイする。,
七対立直,フルパワー,■自分が七対子と立直が複合した状態で和了したとき、Ｗ役満とする。ただし、それが二盃口であるなら無効。,
スカーレット･ナイトメア,フルパワー,■自分はルールに次の役を追加する。\n§スカーレット・ナイトメア(役満):中の刻子(槓子)で成立。,
チーター,フルパワー,■自分は上家以外からもチーをすることができる。,
倍プッシュだ…！,フルパワー,■全員、自身のツモや副露の後に鳴かれなければ１枚ツモり、１枚切る。さらにその捨て牌が鳴かれなければもう１枚ツモり、もう１枚切る。,
割目,フルパワー,■これをプレイした時、プレイヤーを一人選ぶ。そのプレイヤーはカードや供託を含むすべての点数を２倍払い、２倍貰える。（供託の点棒は等倍しかもらえない。）,
封印されしエクゾディア,フルパワー,■これと《封印されし者の右腕》、《封印されし者の左腕》、《封印されし者の右足》、《封印されし者の左足》が自分の場に全て揃った時、自分はルールに次の役を追加する。\n§エクゾディア(十倍役満):手牌の形を問わず常に成立。ただしツモ和了のみ。,
リーチ攻撃,フルパワー,■自分が立直をかけて和了した場合、残りの裏表ドラをすべてめくる。\n■自分の立直中に他家が和了した場合、その和了点は0になる。,
無限立直,フルパワー,■自分はルールに次の役を追加する。\n§無限立直(X翻):立直後の捨て牌を毎回横にすることで成立。（供託は最初の1000点のみでよい。）　Xは自分の河にある横向きの捨て牌の数に等しい。,
技術立国ニッポン,フルパワー,■自分が普通にツモるとき代わりに手札を１枚捨ててもよい。そうしたら、４枚ツモって、３枚好きな順序で山の先頭に戻す。,
QED「495年の波紋」,フルパワー,■これをプレイした時、場にある自分の4文字、9文字、5文字のパワー各１つを破壊してもよい。そうしなければ、これを破壊し、自分の持ち点をすべて供託する。\n■自分の捨牌の後、それが鳴かれなければもう一度自分の手番を行う。,
審判「ギルティ・オワ・ノットギルティ」,フルパワー,■立直中でもツモ牌以外の牌を切ってもよい。（ただし、聴牌していなければ和了れない。）\n■自分は(終局時の)ノーテン罰符とノーテン立直の罰符を払わなくてよい。\n■これが失われた時、自分の立直状態を解除してもよい。(立直棒は戻ってこない),
蛙符「オールウェイズ冬眠できます」,フルパワー,■自分は普通にツモれない。（カードはプレイできる）\n■他家が牌を切った時、その人から100点奪う。,
リサイクル,フルパワー,■カードをプレイする代わりに手札を１枚捨て、下の★効果を使ってもよい。\n★６枚以下且つ他家の誰の手牌よりも少なくなるように手牌を選ぶ。そして他家全員も同じ枚数の手牌を選び、全員、左隣にそれらを渡す。,
回文,フルパワー,■自分が捨牌した時、その牌を含んで河にABCBA、ABCDCBAの並びの牌が成立していれば、他家全員からそれぞれ2000点、5000点ずつ貰う。,
アストロン,フルパワー,■自分の持ち点は増減しない。,
ピンゾロ,フルパワー,■自分が和了した時、手牌に一筒の刻子があれば和了点を５倍する。,
まだだ！まだ終わってない！,フルパワー,■自分が飛ぶ時、これを破壊してもよい。そうしたら、他家全員から4000点ずつ奪いゲームに復帰する。,
飛翔の守護者ディス・アル・マーズ,フルパワー,●スペースチャージ：ドラ\n≒立直していない他家一人の手牌を見て、３枚以下且つ自分の手牌の枚数以下になるように好きな数選び、同じ枚数の自分の手牌と交換する。,
明智光秀,フルパワー,■自分がツモるとき山の先頭から４枚を見てもよい。そうしたらその中から１枚を手牌に加え、残りを好きな順序で山の先頭に戻す。\n■自分の各手番に初めてカードを引く時、さらにもう１枚引く。\n■６の数牌が自分の河に置かれた時、場にある自分のパワーをすべて破壊し、手札をすべて捨てる。,
逆襲,フルパワー,■自分が和了した時、1位ならその和了点を1倍、2位なら2倍、3位なら3倍、4位なら4倍する。,
フォースフィールド発生器,フルパワー,■誰かが普通にツモった時、その人は自身のパワーを１つ破壊する。,
イノセンス,フルパワー,■自分の手牌にある白をオールマイティ牌として扱う。,
宮永咲,フルパワー,■自分が嶺上から牌をツモった時、その手番中自分の手牌にあるその牌をオールマイティ牌として扱う。,
活路への希望,フルパワー,■自分が普通に立直した時、これを破壊してもよい。そうしたら、最も持ち点の多い他家と自分の持ち点の差額2000点ごとに1枚ツモり、1枚切る。この間に、何度でも可能ならツモ和了を宣言してもよい。これらの牌は鳴かれず、ロンされない。,
大富豪,フルパワー,■自分が萬子を捨牌した時、自分の河にある萬子の合計が初めて100万を超えたなら、《星５秘書》、《星５スーパーカー》、《１００億資産》のどれか1つをプレイする。,
ネクロノミコン,フルパワー,■ゲーム開始時のフルパワーとして選べない。\n■自分は手札を持てない。(持っていれば捨てる。)\n■自分のツモ番の初めにランダムなカードを３枚プレイする。,
惑わしの悪魔,フルパワー,■他家が自分や自分のパワーを選べるのに選ばなかった時、自分とその他家はカードを1枚引き、3枚ツモり、3枚切る。誰もその牌を鳴けず、ロンできない。\n■他家がツモ和了しても、点数を払わなくてよい。,
禁書「炎熱のレッドドラゴン」,フルパワー,■誰かが普通に捨牌した時、その人ランダムなカードをプレイする。,
風力発電,フルパワー,■自分が普通に風牌を切った時、鳴かれなければもう一度自分の手番を行う。,
北抜き,フルパワー,■自分は四麻でも北抜きしてもよい。嶺上が足りない場合は山からツモる。（ただし嶺上からツモっているものとして扱い、嶺上開花もつく）\n■三麻なら北ドラ1つあたりの翻数を1翻から3翻に増やす。,
黄金の立直,フルパワー,■立直中、自分と自分のパワーは他家から選ばれない。\n■自分は立直しているなら和了できない効果をすべて無視する。\n■自分が立直を含めて和了したなら、＋6翻する。\n■これが失われた時、立直していたなら立直を解除してもよい。,
画竜点睛,フルパワー,■自分が和了した時、それが単騎待ちだったのなら＋13翻する。,
スリの銀次,ハプニング,■これを手札に加えた時、自分の持ち点をすべて供託する。その後、このカードを捨てる。,
突然変異,ハプニング,■これを手札に加えた時、パワーを全て破壊し、これを捨てる。その後、自分から時計回りに各プレイヤーはこうして破壊された自身のパワーと同じ枚数のランダムなフルパワーではないパワーをプレイする。,
「天和・地和」,ハプニング,■これを手札に加えた時、これを捨てる。それが一巡目ならば、この手番の間自分はルールに次の役を追加する。\n§天鳳・地鳳(役満):手牌の形を問わず常に成立。ただしツモ和了のみ。,
マルハゲドン,ハプニング,■これを手札に加えた時、これを捨てる。その後、パワーをすべて破壊する。,
おばさん,ハプニング,■これを手札に加えた時、道行くおばさんを助けられる優しい心を持っているならこのカードを捨て、自分の場に《星５秘書》、《星５スーパーカー》、《１００億資産》を置く。,道行くおばさんを～の条件は「はい／いいえ」で聞き、「はい」の時だけ実行する（「いいえ」ならこのカードは手札に残る）
幸福な王子,ハプニング,■これを手札に加えた時、このカードを捨てる。その後、下家(いないなら対面)は自分の手牌を好きな数見て選び、それらを同じ数の下家の手牌と交換する。(ただし、どちらか少ない方の手牌の総数より多くは選べない),
環境破壊は気持ちイイZOY！,ハプニング,■これを手札に加えた時、このカードを捨てる。その後、自分の手牌にある索子をすべて切る。誰もその牌を鳴けず、ロンできない。その後、こうして切った枚数ツモる。,
ノディ,ハプニング,■これを手札に加えた時、これを捨てる。その後、今が自分の手番でまだツモっていないなら、この手番をスキップする。今が他家の手番なら次の自分の手番はスキップされる。,
呪われた本,ハプニング,■これを手札に加えた時、手札をすべて捨て、自分のパワーをすべて破壊する。その後、自分のフルパワーが場に出ておらず、誰も《ネクロノミコン》をフルパワーとして選んでいなければ、この局の間選んだフルパワーを《ネクロノミコン》に交換し、そのままそれをプレイする。この能力が発動した場合終局するまで二度と再登場しない。,
お邪魔ドロップ,ハプニング,（ハプニングカードはプレイできない。）,
砂丘怪獣コリャラクダ,ハプニング,■これを手札に加えた時、これを捨てる。その後、選ばれていないランダムなフルパワー5つの中から1つプレイする。フルパワーをプレイした時の捨牌以外の一切の行動を行えないルールは無視され、手番中のプレイしたカードの回数に含めない。,
阿寒湖怪獣マリモーン,ハプニング,■これを手札に加えた時、これを捨てる。その後、新ドラを1枚めくり、これが捨てられてから初めてドラを普通に捨牌した人は《星５秘書》、《星５スーパーカー》、《１００億資産》のどれか1つを置く。,
みんなでカレーパーティー！,ハプニング,■これを手札に加えた時、これを捨てる。その後、場に空きのあるプレイヤー全員は自身の場に《「みんなでじゃがいもをむく」》を1つ出す。,
社会人1年目のKENTY,ハプニングなパワー,■これを手札に加えた時、自分のスロットに空きがあればこのパワーを獲得する。そうでなければ捨て場に置く。\n■プレイヤー全員はカードの効果でプレイヤーを選ぶ時、可能であれば自分(これの所有者)を選ぶ。,
ワイマール憲法,パワー,■自分の鳴いた牌か手牌にある１･９の数牌をすべてドラにする。（他の理由でドラとなっていた場合でも重複する。）,
ひぐらしとなく頃に,パワー,■自分は鳴いていても立直をすることができる。複合役（一発、面前ツモ、裏ドラ）も付く。鳴きによる食い下がりも消滅する。（面前扱いになる。）,
ドラゲー,パワー,■自分はドラのみで上がってもよい。ただし、裏ドラなどの未確定のドラはこの限りではない。（例外的に裏ドラが確認できる状態ならば上がってもよい。）\n■これをプレイした手番の間、自分は和了できない。,
タンヤオアンチ,パワー,■他家はタンヤオを役として扱わない。,
デスノート,パワー,■これをプレイした時、2000点供託し、他家を１人選ぶ。\n■選ばれたプレイヤーは和了れない。,
和了っていない！騙されたか？(笑),パワー,■自分はルールに次の役を追加する。\n§騙されたか？(１翻):聴牌していない状態で且つツモでのみ成立。ドラは乗らない。\n■これをプレイした手番の間、自分は和了れない。,
絶対安全カプセル,パワー,■自分は放銃しない。,
亜空槓,パワー,■自分は手牌にある牌と同じ牌が捨てられた時、その牌自体とその牌と同じ牌と適当な自分の牌2つを使ってカンしてもよい。（この行為を亜空槓と呼び、出来た槓子を亜空槓子と呼ぶ。）これは鳴いた牌の槓子とみなす。\n■自分はルールに次の役を追加する。\n§亜空槓(1翻): 亜空槓子1つにつき1役成立。,
開示するナリよ！,パワー,■これをプレイした時、他家を一人選ぶ。選ばれた他家は手牌を公開しながらプレイする。\n■選ばれたプレイヤーは和了れば役満とする。,
税収,パワー,■他家が牌を切る時、その手番の間にカードをプレイしていれば100点自分に払わせる。また切った牌が七索なら国会議事堂に似ているので代わりに1000点払わせる。,
轟盲牌,パワー,■自分がツモした牌はすべて白へ変化する。\n■自分はルールに次の役を追加する。\n§天地創世（三倍役満):自分の手牌がすべて白なら成立。,
ねじれ国会,パワー,■他家がイベントをプレイしようとした時、自分の手札を2枚捨ててもよい。そうしたら、そのイベントを打ち消す。,
封印されし者の左足,パワー,*封印された左足。封印を解くと、無限の力を得られる。*,能力なし。書いてある文章はフレーバー、斜体で表示。
封印されし者の左腕,パワー,*封印された左腕。封印を解くと、無限の力を得られる。*,能力なし。書いてある文章はフレーバー、斜体で表示。
封印されし者の右足,パワー,*封印された右足。封印を解くと、無限の力を得られる。*,能力なし。書いてある文章はフレーバー、斜体で表示。
封印されし者の右腕,パワー,*封印された右腕。封印を解くと、無限の力を得られる。*,能力なし。書いてある文章はフレーバー、斜体で表示。
メルトダウン,パワー,■これが破壊された時、それが他家によるものならその他家から自分へ12000点払わせる。それが自分によるものなら他家全員から自分へ3000点ずつ払わせる。,
烏合の衆,パワー,■これをプレイした時、他家を一人選び、その人の手牌の順番をシャッフルする。\n■選ばれたプレイヤーは理牌できない。（ツモ牌は右側に加えていく。）\n（誤ロン・誤ツモ・ノーテン立直の罰符は満貫払いとする。）,
不可視,パワー,■これをプレイした時、他家を一人選ぶ。\n■自分は選ばれたプレイヤーからロンされず、鳴かれず、カードの効果で選ばれない。,
影武者,パワー,■《影武者》ではないパワーやイベントが破壊されたり打ち消されたりする時、代わりにこれを破壊してもよい。,
ハリセンボン,パワー,■これをプレイする時、自分の手札をすべて捨てる。その後、スロットに空きのある他家を一人選び、その人はこのパワーを獲得する。\n■これの保有者は、次の手番が終わると、無数の針に刺され、保有するパワーがすべて破壊される。,
ドラゴン,パワー,■これをプレイする時、自分の他のパワーをすべて破壊する。\n■自分は放銃しない。\n■カードの効果で自分は他家から選ばれない。,
赤軍,パワー,■自分の手牌にある数牌を全て萬子として扱う。\n■自分の場に《クソミドリ》か《ブルーインパルス》か《白文》があるならこれはプレイできない。,
クソミドリ,パワー,■自分の手牌にある数牌を全て索子として扱う。\n■自分の場に《赤軍》か《ブルーインパルス》か《白文》があるならこれはプレイできない。,
ブルーインパルス,パワー,■自分の手牌にある数牌を全て萬子として扱う。\n■自分の場に《クソミドリ》か《赤軍》か《白文》があるならこれはプレイできない。,
白文,パワー,■自分の手牌にある２の数牌を東、３を南、４を西、５を北、６を白、７を發、８を中として扱う。\n■自分の場に《クソミドリ》か《ブルーインパルス》か《赤軍》があるならこれはプレイできない。,
露出狂,パワー,■他家全員は常に手牌を４枚開示した状態でプレイする。,
屯田兵,パワー,■これをプレイした時、他家を一人選び、その人は次のツモをツモ切りする。\n■選ばれた人を北家にする。（北家を選ばなければ北家が増えることになる。）,
半額シール,パワー,■自分は供託を含め、払う点数が半分になる。（100点未満は切り捨て）,
バンサン,パワー,■自分はルールに次の役を追加する。\n§バンサン(１翻):聴牌していれば常に成立。他の役やドラとも複合し、ロン和了も可。,
六道剣「一念無量劫」,パワー,▲自分の持ち点が1000点以上ならプレイできる。\n■自分の持ち点が1000点より少なくなる時、かわりに1000点で踏みとどまる。,
石臼,パワー,■自分がハプニングを手札に加える時、代わりにそれを捨て場に置いてもよい。そうしたら、これを破壊する。,
永遠のリュウセイ・カイザー,パワー,■全員、鳴いていても立直できる。\n■他家全員は立直せずに和了れない。\n■このカードが他家によって手札から捨てられる時、代わりにこれをプレイする。,
封魔ザウラク・ディス,パワー,●スペースチャージ：筒子/幺九牌（自分の河に筒子、幺九牌のいずれかまたは両方を持つ牌が普通に置かれた時、対応する≒能力が発動する。）\n≒筒子：牌を１枚ツモって１枚切る。\n≒幺九牌：立直していない他家一人の手牌をランダムに１枚切る。そしてその人は１枚ツモる。,
地変の伝道師エルナト・ガガ,パワー,●スペースチャージ：索子（自分の河に索子が普通に置かれた時、これの≒能力が発動する。）\n≒全員の河の中から牌を１枚手牌に加え、１枚切る。,
唯我独尊,パワー,■これをプレイした時、萬子・筒子・索子・字牌の中から一つ宣言する。\n■誰も宣言された種類の牌を含まずに和了れない。,
紀伊国屋文左衛門,パワー,■自分がカードを捨てる時、１枚捨てるごとに供託から１００点もらう。,
聖域,パワー,■自分の手番の間に他家がカードをプレイする時、それらはすべて打ち消される。,
那須与一,パワー,■自分の手番の始めにサイコロを振る。１が出たら上家、３が出たら対面、５が出たら下家の場にあるパワーを１つ選んで自分のものにする。２・４・６はハズレ。,
徳川埋蔵金,パワー,●プロテクター7000（自分が払うか供託するときにこれを破壊してもよい。そうしたら、その点数を-7000する。ただし0未満にはならない。）\n■これは選ばれない。,
ボルメテウス・武者・ドラゴン,パワー,■各自分の手番に１度、手札を１枚捨ててもよい。そうしたら、６文字以下のパワーを１つ破壊する。,
メンカタカラメヤサイダブルニンニクアブラマシマシ,パワー,■これが破壊された時、手札が５枚になるようにカードを引く。,
毒沼,パワー,■誰かが捨牌をした時、その人は自身の手札を１枚捨てる。,
三川合流,パワー,■これをプレイした時、他家を１人選ぶ。\n■選ばれなかった他家と自分が捨牌した時、それが鳴かれ(ずロンされ)なければ、その牌を選んだ他家の河に置く。,
雉も鳴かずば撃たれまい,パワー,■他家が副露した時、その人の持ち点をすべて奪う。,
アロンアルフア,パワー,■これをプレイした時、６枚以上の手牌を持つ他家一人の手牌をランダムに６枚選ぶ。\n■選ばれた手牌は誰もその手牌から動かせない。（副露・暗槓も不可）,
うどの大木,パワー,●プロテクター35000（自分が払うか供託するときにこれを破壊してもよい。そうしたら、その点数を-35000する。ただし0未満にはならない。）\n■自分は和了れない。,
黒神竜ブライゼナーガ,パワー,■これをプレイする時、自分の持ち点をすべて供託する。\n■これをプレイした時、牌を14枚ツモり、こうしてツモった枚数切る。誰もその牌を鳴けず、ロンできない。その後、可能であればツモ和了宣言をしてもよい。\n■自分が和了れない効果をすべて無視する。,
人畜無害,パワー,■これをプレイする時、スロットに空きのある他家を一人選び、その人はこのパワーを獲得する。\n■所有者の持ち点は増減しない。,
手牌のドラ全部抜く大作戦,パワー,■これをプレイした時、牌を１つ宣言する。\n■全員、宣言した牌を抜きドラとして扱う。（三麻の北みたいになる。）嶺上が足りない場合は山からツモる。（ただし嶺上からツモっているものとして扱い、嶺上開花もつく）,
連鎖旋風,パワー,■《連鎖旋風》ではないカードの効果によって、誰かのパワーが破壊された時、他のフルパワーではないパワーを１つ破壊する。,
大器晩成,パワー,■これをプレイした時オーラスなら、自分の手牌を3枚まで選び、それらをオールマイティ牌に変化させる。\n■自分が普通にツモった時、それが海底牌で自分の手牌が１４枚あるなら、それらは純正国士無双である。\n■自分は河底撈魚を役満として扱う。,
ワイマール憲法改正,パワー,■他家全員は老頭牌（1･9）を手牌に含めて和了れない。,
カツアゲ,パワー,■プレイヤーに10000点以上の点数を払う時、そのうちの10000点分として自分の手牌の一萬をその人に渡してもよい。そうしたらその人は渡された牌以外の自身の手牌１枚を自分に渡す。他の萬子も同様である。,
盲目,パワー,■誰かが自身の手番を開始する時、その直前の捨牌を裏返す。(裏返された牌が河にあってもフリテン扱いにならない),
禁書「戦慄のラジエール」,パワー,■誰かが自身の手番を開始する時、サイコロを振る。こうして偶数が出たらその手番はスキップされる。,
カミナリぐも,パワー,■保有者が副露またはカードの効果で他家を選んだ時か、他家に副露されたまたはカードの効果で選ばれた時、その人の場に空きがあればこれを移譲する。\n■保有者が普通に捨牌した時、直前の手番が保有者の手番でなく鳴かれなければ、もう一度保有者の手番を行う。\n■これが破壊された時、保有者のパワーをすべて破壊し、保有者は手札を全て捨てる。,
ネコババ,パワー,■自分は山から普通にツモるのではなく、他家の河にある牌１枚をツモ牌として手牌に加える。,
押し売り,パワー,■他家の鳴いた暗刻に加槓できる。そうした場合自分が嶺上から牌をツモる。(嶺上開花可能)槍槓された場合は元の暗刻の所有者が放銃したことになる。,
ラストエリクサー,パワー,●タイルフォース4（これをプレイする時、まだ「タイルフォース」によって選ばれていない手牌を4枚選ぶ。それらの牌が自分の手牌に揃っている間これは次の✨能力を得る。）\n✨プロテクター∞,
魔法の筒,パワー,■これをプレイする時、手札を1枚捨てる。\n■他家に自分の持ち点を奪われる時、これを破壊してそれを無効にし、かわりに奪われるはずだった点数をその他家から奪う。,
「全人類の緋想天」,パワー,■これをプレイした時、全員、立直棒を供託し立直状態にする。（ノーテン立直の罰符は満貫払い）\n■これが失われた時、全員の立直状態を解除する。\n■これは変化しない。,
光の護封剣,パワー,■他家は和了れない。\n■他家は手牌を表向きにしてプレイする。\n■これをプレイした三巡後に、これを破壊する。,
勝利宣言鬼丸「覇」,パワー,■自分が普通に牌を切った時、それが鳴かれなければ全員1枚ツモり1枚切る。それらは誰も鳴けずロンできない。こうして自分が数牌を切っていて、その数が他家の切ったどの数牌よりも大きければもう一度自分の手番を行う。,
カタパルト･タートル,パワー,■自分の手番中何度でも自分のパワーを1つ破壊してもよい。そうする度に、立直していない他家一人の手牌をランダムに1枚切る。誰もその牌を鳴けず、ロンできない。その後、その人は1枚ツモる。,
鎧亜戦隊ディス・キューピッド,パワー,●スペースチャージ：字牌（自分の河に字牌が普通に置かれた時、これの≒能力が発動する。）\n≒他家一人の鳴いた牌の一面子をその人の河に置く。誰もその牌を鳴けず、ロンできない。その人は３枚ツモる。,
電撃戦,パワー,■カードをプレイする代わりに手札を3枚捨ててもよい。そうしたら他家の手札かパワーを3つまで破壊し、1枚ツモって1枚切る。誰もその牌を鳴けず、ロンできない。,
忌み数,パワー,■これをプレイした時、全員手牌にある4と9の数牌を河に置いて、手牌の枚数が正しくなるようにツモる。\n■他家は手札が4枚の時、カードを使えない。,
増殖するＧ,パワー,■他家がカードをプレイした時にその手番がプレイした人の手番で無ければ自分は1枚ツモって1枚切る。誰もその牌を鳴けず、ロンできない。,
握り込み,パワー,■これをプレイした時、山の先頭から3枚を自分の握り込み状態にする。\n■握り込み状態の牌は自分の手番中、ツモった後に手牌と交換できる。\n■これが失われた時、握り込んでいた牌を自分の河に置く。誰もその牌を鳴けず、ロンできない。,
HIGH & LOW,パワー,■誰でも数牌を普通に捨牌する時、直前の手番の捨牌が数牌なら裏向きに捨牌してもよい。そうしたら、他の全員はその牌の数が直前の捨牌の数以上か未満かを宣言する。その後、裏向きの牌を表向きにし、捨牌したプレイヤーは持ち点を正解者に1000点ずつ払い、不正解者から1000点ずつ奪う。,
和了経験が無い男、ガチで危機感持った方がいい,パワー,■この局が終わり、和了点やノーテン罰符の計算をした後、このゲーム中まだ一度も和了したことがないプレイヤー全員は10000点供託する。ただし飛ばない。,
察しの悪い雨穴,パワー,■自分がカードをプレイした時、または相手がカードをプレイして自分や自分のパワーを選んだ時、サイコロを振り奇数なら失敗してそのカードは打ち消される。\n■自分が和了・放銃した時、サイコロを振り奇数なら失敗する。,
拳で抵抗する21歳,パワー,■自分が点数を払う（供託も含む）時、払い先ではない他家1人とじゃんけんしてもよい。こうして勝ったらその人に代わりに払わせる。負けたら自分が払う。\n■自分のじゃんけん相手がグーを出した時、カードを1枚引いてもよい。,
風見鶏,パワー,■誰かが普通に牌を切った時、それが鳴かれなければその人はサイコロを振る。1･2･3が出れば左側、4･5･6が出れば右側のプレイヤーが次の手番を始める。,
#本田とじゃんけん,パワー,■自身の手番中ではない他家がカードをプレイしようとした時、その他家とじゃんけんしてもよい。こうして勝ったらそのカードを打ち消す。\n■自分のじゃんけん相手がチョキを出した時、自分は供託から1000点もらってもよい。,
シャンクス,パワー,■立直していない他家が副露・和了した時、その他家とじゃんけんしてもよい。こうして勝ったらその行動をキャンセルし、その牌を見逃す。\n■自分のじゃんけん相手がパーを出した時、牌を１枚ツモってもよい。そうしたら１枚切る。誰もその牌を鳴けず、ロンできない。,
永久不滅,パワー,■他のパワーは失われない。,
バステト女神,パワー,■これをプレイした時、他家を一人選ぶ。\n■他家全員はカードの効果でプレイヤーを選ぶ時、可能であれば選ばれたプレイヤーを選ぶ。,
ドラゴンズ･ドリーム,パワー,■保有者が普通に捨牌した時、その人はランダムなカードを１枚プレイする。\n■保有者が副露またはカードの効果で他家を選んだ時か、他家に副露されたまたはカードの効果で選ばれた時、その人のスロットに空きがあればこれを移譲する。,
服従させる魔法,パワー,■自分がカードをプレイする時、かわりに他家1人にプレイさせてもよい。,
不滅の精霊パーフェクト･ギャラクシー,パワー,●タイルフォース3（これをプレイする時、まだ「タイルフォース」によって選ばれていない手牌を3枚選ぶ。それらの牌が自分の手牌に揃っている間これは次の✨能力を得る。）\n✨自分の持ち点は増減しない。\n✨これは失われない。,
はめつのねがい,パワー,■これをプレイした3巡目に、これを破壊し、他家を1人選ぶ。その他家は、自身の手札とパワーを全て捨て場に置き、持ち点を全て供託する。,
ALL or NOTIHNG,パワー,■誰かがイベントをプレイする時、その人にとって手番中1枚目のイベントならその人はサイコロを振っても良い。こうして奇数が出ればそれを打ち消す。偶数が出ればその人はそのイベントを2回プレイする。,
魅力的な契約,パワー,■自分の手番の始めに、各他家は1枚ツモって切ってもよい。こうしてツモられた数だけ自分もツモって切る。,
そろばん,パワー,■和了点は役の組み合わせではなく、手牌に含まれる数牌の数字の合計×100点で決まる。,
審判の日は近い,パワー,■これが破壊された時、パワーをすべて破壊する。\n●プロテクター1000（自分が払うか供託するときにこれを破壊してもよい。そうしたら、その点数を-1000する。ただし0未満にはならない。）,
骨折り損,パワー,■誰かのパワーが失われた時、失わせたプレイヤー以外の全員は1枚ツモり同じ枚数切る。この能力は次に誰かが普通にツモるまで発動しない。,
アクア･ベララー,パワー,■各手番の間その手番のプレイヤーが初めてカードを引くとき、先に自分が山札の上から１枚目を見てそれを山札の一番下に置いてもよい。その後、その人はカードを引く。,
魔光騎聖ブラッディ･シャドウ,パワー,■この手番の間自分がイベントをプレイしていれば、これを手番中のカードのプレイ回数に含めずにプレイしてもよい。\n●プロテクター4500（自分が払うか供託するときにこれを破壊してもよい。そうしたら、その点数を－4500する。ただし0未満にはならない。）,
インスタント満貫,パワー,■自分の翻数を＋4翻する。\n■これをプレイした手番の間、自分は和了れない。,
「じゃがいもをむく」,パワー,■自分が普通にツモった時、このパワーは《「野菜を切る」》に変化する。,
星５秘書,パワー＋,■自分は各自分の手番に１回多くカードをプレイできる。,
星５スーパーカー,パワー＋,■自分が普通に捨牌した時、それが鳴かれなければ、牌を１枚ツモり１枚切る。,
「みんなでじゃがいもをむく」,パワー＋,■自分が普通にツモった時、このパワーは《「野菜を切る」》に変化する。,
１００億資産,パワー＋,●プロテクター10000000000（自分が払うか供託するときに場にあるこれを破壊してもよい。そうしたら、その点数を－10000000000する。ただし0未満にはならない。）,
ヤギ,パワー＋,■ヤギがカードを食べちゃうので、このパワーを獲得した時保有者は手札をすべて捨てる。\n■保有者は和了れない。,
「野菜を切る」,パワー＋,■自分が普通にツモった時、このパワーは《「野菜を炒める」》に変化する。,
「野菜を炒める」,パワー＋,■自分が普通にツモった時、このパワーは《「野菜を煮込みだす」》に変化する。,
「野菜を煮込みだす」,パワー＋,■自分が普通にツモった時、このパワーは《「ごはんを仕込む」》に変化する。,
「ごはんを仕込む」,パワー＋,■自分が普通にツモった時、このパワーは《「肉を切る」》に変化する。,
「肉を切る」,パワー＋,■自分が普通にツモった時、このパワーは《「肉を入れてアクを取る」》に変化する。,
「肉を入れてアクを取る」,パワー＋,■自分が普通にツモった時、このパワーは《「ルウを割る」》に変化する。,
「ルウを割る」,パワー＋,■自分が普通にツモった時、このパワーは《「ルウを入れてちょっとだけ煮込む」》に変化する。,
「ルウを入れてちょっとだけ煮込む」,パワー＋,■自分が普通にツモった時、このパワーは《「野菜を切る」》に変化する。,
「皿に盛り付ける」,パワー＋,■自分が普通にツモった時、自分のポン/チーした牌を手牌に戻す。その後、このパワーは《「いただきます」》に変化する。,
「いただきます」,パワー＋,■自分の手牌が１４枚ならそれらは純正国士無双である。\n■他家による自分が和了れない効果をすべて無視する。\n■このパワーは失われない。,
違法コピー,イベント,■手札を３枚捨てる。\n■手牌を１枚切る。それが鳴かれなければ、ゲーム外から赤ドラではない好きな牌を１枚手牌に加える。,
黄金の国ジパング,パワー,■すべての牌がドラである。\n■これをプレイした手番の間、自分は和了れない。,
火符「アグニシャイン」,イベント,■立直していない他家一人を選ぶ。その手牌にある萬子のうち、1～3枚をランダムな他の牌へ変化させる。,
水符「プリンセスウンディネ」,イベント,■立直していない他家一人を選ぶ。その手牌にある筒子のうち、1～3枚をランダムな他の牌へ変化させる。,
木符「シルフィホルン」,イベント,■立直していない他家一人を選ぶ。その手牌にある索子のうち、1～3枚をランダムな他の牌へ変化させる。,
土符「レイジィトリリトン」,イベント,■立直していない他家一人を選ぶ。その手牌にある風牌のうち、1～3枚をランダムな他の牌へ変化させる。,
金符「メタルファティーグ」,イベント,■立直していない他家一人を選ぶ。その手牌にある三元牌のうち、1～3枚をランダムな他の牌へ変化させる。,
月符「サイレントセレナ」,イベント,■自分の手札を２枚捨てる。\n■立直していない他家一人を選ぶ。その手牌にある萬子、筒子、索子、風牌、三元牌をそれぞれ１枚ずつをランダムな他の牌へ変化させる。\n■山が17枚以上あれば残り16枚になるように山の先頭からその人の河に置く。,
ゲット・レディ,イベント,■自分より手札の多い他家を１人選び、その人と手札の枚数が同じになるようにカードを引く。,
漂溺「光り輝く水底のトラウマ」,イベント,■カードを2枚引き、1枚捨てる。\n■この局、自分が海底をツモる時、聴牌していればツモはアタリ牌へ変化する。,
隣の芝生,イベント,■他家を１人選ぶ。自分の手札をその人と全く同じにする。,
君がすべて！,イベント,■自分の手札を1枚選ぶ。それ以外の手札をすべて捨て、選んだカードを4枚手札に加える。
鎧亜寄生パラス・キューピッド,パワー,●スペースチャージ：字牌（自分の河に字牌が普通に置かれた時、これの≒能力が発動する。）\n≒自分の赤ドラでない手牌1枚を赤ドラに変化させる。,
鎧亜寄生パラス・ボクサー,パワー,●スペースチャージ：萬子（自分の河に萬子が普通に置かれた時、これの≒能力が発動する。）\n≒自分の手牌を1枚選んでもよい。そうしたら、次に自分が普通にツモった牌は、選んだ牌に変化する。,
鎧亜寄生パラス・マジシャン,パワー,●スペースチャージ：索子（自分の河に索子が普通に置かれた時、これの≒能力が発動する。）\n≒他家一人を選ぶ。その人が次に普通にツモる時、その人の河にある牌を優先的にツモる。,
鎧亜寄生パラス・ミュージック,パワー,●スペースチャージ：ツモ（自分の河にツモ切りした牌が普通に置かれた時、これの≒能力が発動する。）\n≒この能力を発動させた牌が鳴かれていなければ、3000点供託してもう一度自分の手番を行う。,
鎧亜寄生パラス・ピエロ,パワー,●スペースチャージ：筒子（自分の河に筒子が普通に置かれた時、これの≒能力が発動する。）\n≒自分の手札1枚を選び、そのコピーを手札に加える。,
仰天無双 鬼セブン「勝」,パワー,■自分の手牌と河にある7以上の数牌はドラである。\n■自分がドラで放銃した時、これを破壊してそのアタリ牌を消してもよい。（ロンは対象の捨牌が消えた場合キャンセルされる。）,
アップグレード,イベント,■プレイヤーを好きな数選ぶ。選んだプレイヤーの手牌にある8以下の数牌すべての数を1増やす。（1萬なら2萬へ変化）,
井伊直弼,イベント,■一巡の間、他家全員はカードをプレイできない。,
隣の花は赤い,イベント,■他家を一人選ぶ。自分の手牌をその人と全く同じに変化させる。,
新世界より,イベント,■プレイヤーをランダムに一人決め、そのプレイヤーは、手牌（鳴いた牌、暗槓子除く）をすべて山のランダムな位置に加え、同じ枚数山のランダムな位置から手牌に加える。,ランダムに決める時ルーレットの演出を入れること。これはプレイヤーを選ぶ効果ではない。